{
  "feature_type": "ResNet-50 CNN\u7279\u5f81 (\u5e73\u5747\u6c60\u5316)",
  "feature_dim": 2048,
  "model": "RandomForest",
  "accuracy": 0.948051948051948,
  "f1_score": 0.9130434782608695,
  "n_estimators": 200,
  "max_depth": 20
}